{
  "timestamp": 1768350146505,
  "samplesAnalyzed": 91,
  "mean": 0.20450549450549466,
  "stdDev": 0.16753472365704966,
  "threshold": 0.539574941819594,
  "learned": true
}