{
  "AF_CPU_HEADROOM_TARGET": 0.1,
  "AF_MAX_WIP": 9,
  "stats": {
    "count": 42,
    "min_failure_load": 45.0419921875,
    "max_failure_load": 528.0859375,
    "avg_failure_load": 97.41559709821429,
    "median_failure_load": 69.046875
  }
}