{
  "lastRun": "2025-12-30T23:25:55.949167",
  "operationalEvents": 127,
  "strategicMemories": 127,
  "eventsConsolidated": 127,
  "compressionRatio": 1.0,
  "avgSurpriseScore": 0.2952755905511811,
  "retentionRate": 1.0
}