{
  "timestamp": "2025-12-30T23:24:45.479234",
  "trajectories": 127,
  "miras": {
    "memories": 62,
    "storage_efficiency": 1995.8225806451612,
    "retrieval_accuracy": 1.0,
    "surprise_score": 0.5,
    "retention_rate": 0.4881889763779528,
    "compression_ratio": 1.7106617855035922
  },
  "agentdb": {
    "episodes": 127,
    "storage_efficiency": 1666.763779527559,
    "retrieval_accuracy": 0.0,
    "surprise_score": 0.0,
    "retention_rate": 1.0,
    "compression_ratio": 1.0
  }
}